run_id,timestamp_utc,split,mode,experiment,priority,description,params,eval_part,n_eval,status,recall@5,recall@10,recall@20,recall@50,duration_sec
20260624T163054Z,2026-06-24T16:30:54.619075+00:00,fold_0,cv,tfidf_word_doc,P0,Baseline-style word TF-IDF over full documents.,"{'config': {'analyzer': 'word', 'ngram_range': [1, 1]}}",train,560,ok,0.34285714285714286,0.475,0.6142857142857143,0.7767857142857143,4.493141
20260624T163054Z,2026-06-24T16:30:54.619075+00:00,fold_0,cv,tfidf_word_doc,P0,Baseline-style word TF-IDF over full documents.,"{'config': {'analyzer': 'word', 'ngram_range': [1, 1]}}",holdout,140,ok,0.35714285714285715,0.4785714285714286,0.6428571428571429,0.8,4.497051
20260624T163054Z,2026-06-24T16:30:59.116364+00:00,fold_0,cv,tfidf_char_doc_3_5,P1,Character n-gram TF-IDF control for Russian morphology and typos.,"{'config': {'analyzer': 'char_wb', 'ngram_range': [3, 5], 'min_df': 1}}",train,560,ok,0.375,0.5267857142857143,0.6660714285714285,0.8125,8.196789
20260624T163054Z,2026-06-24T16:30:59.116364+00:00,fold_0,cv,tfidf_char_doc_3_5,P1,Character n-gram TF-IDF control for Russian morphology and typos.,"{'config': {'analyzer': 'char_wb', 'ngram_range': [3, 5], 'min_df': 1}}",holdout,140,ok,0.39285714285714285,0.5214285714285715,0.6,0.8285714285714286,8.200519
20260624T163054Z,2026-06-24T16:31:07.317109+00:00,fold_0,cv,bm25_doc,P0,BM25 over full documents.,"{'config': {'k1': 1.5, 'b': 0.75}}",train,560,ok,0.42678571428571427,0.5571428571428572,0.6946428571428571,0.8285714285714286,5.40905
20260624T163054Z,2026-06-24T16:31:07.317109+00:00,fold_0,cv,bm25_doc,P0,BM25 over full documents.,"{'config': {'k1': 1.5, 'b': 0.75}}",holdout,140,ok,0.38571428571428573,0.5,0.6428571428571429,0.8285714285714286,5.412784
20260624T163054Z,2026-06-24T16:31:12.730111+00:00,fold_0,cv,bm25_field_aware_doc,P1,BM25 over full documents enriched with extracted structural legal fields.,"{'config': {'k1': 1.5, 'b': 0.75}}",train,560,ok,0.42857142857142855,0.5607142857142857,0.6946428571428571,0.8285714285714286,5.307115
20260624T163054Z,2026-06-24T16:31:12.730111+00:00,fold_0,cv,bm25_field_aware_doc,P1,BM25 over full documents enriched with extracted structural legal fields.,"{'config': {'k1': 1.5, 'b': 0.75}}",holdout,140,ok,0.38571428571428573,0.5,0.6428571428571429,0.8285714285714286,5.310979
20260624T163054Z,2026-06-24T16:31:18.041361+00:00,fold_0,cv,bm25_chunk_line_10_5_max,P0,BM25 over line-window chunks with max chunk-to-doc aggregation.,"{'config': {'k1': 1.5, 'b': 0.75}, 'chunk': {'unit': 'line', 'size': 10, 'overlap': 5}, 'aggregation': 'max', 'rank_depth': 120}",train,560,ok,0.4303571428571429,0.5535714285714286,0.6714285714285714,0.8125,11.366127
20260624T163054Z,2026-06-24T16:31:18.041361+00:00,fold_0,cv,bm25_chunk_line_10_5_max,P0,BM25 over line-window chunks with max chunk-to-doc aggregation.,"{'config': {'k1': 1.5, 'b': 0.75}, 'chunk': {'unit': 'line', 'size': 10, 'overlap': 5}, 'aggregation': 'max', 'rank_depth': 120}",holdout,140,ok,0.3357142857142857,0.45714285714285713,0.6214285714285714,0.8142857142857143,11.370028
20260624T163054Z,2026-06-24T16:31:29.411617+00:00,fold_0,cv,bm25_chunk_line_8_4_top2,P0,Alternative line-window chunks with top-2 mean aggregation.,"{'config': {'k1': 1.5, 'b': 0.75}, 'chunk': {'unit': 'line', 'size': 8, 'overlap': 4}, 'aggregation': 'top2_mean', 'rank_depth': 120}",train,560,ok,0.43214285714285716,0.5464285714285714,0.6696428571428571,0.7964285714285714,11.893071
20260624T163054Z,2026-06-24T16:31:29.411617+00:00,fold_0,cv,bm25_chunk_line_8_4_top2,P0,Alternative line-window chunks with top-2 mean aggregation.,"{'config': {'k1': 1.5, 'b': 0.75}, 'chunk': {'unit': 'line', 'size': 8, 'overlap': 4}, 'aggregation': 'top2_mean', 'rank_depth': 120}",holdout,140,ok,0.35,0.45,0.6071428571428571,0.7928571428571428,11.896853
20260624T163054Z,2026-06-24T16:31:41.308696+00:00,fold_0,cv,rrf_bm25_doc_chunk,P0,RRF fusion of document BM25 and chunk BM25.,"{'members': ['bm25_doc', 'bm25_chunk_line_10_5_max'], 'rrf_k': 60, 'rank_depth': 100}",train,560,ok,0.4357142857142857,0.5660714285714286,0.7,0.8321428571428572,0.155597
20260624T163054Z,2026-06-24T16:31:41.308696+00:00,fold_0,cv,rrf_bm25_doc_chunk,P0,RRF fusion of document BM25 and chunk BM25.,"{'members': ['bm25_doc', 'bm25_chunk_line_10_5_max'], 'rrf_k': 60, 'rank_depth': 100}",holdout,140,ok,0.38571428571428573,0.4928571428571429,0.6428571428571429,0.8142857142857143,0.159495
20260624T163054Z,2026-06-24T16:31:41.468412+00:00,fold_0,cv,rrf_sparse_doc_chunk_char,P1,Sparse fusion: BM25 full-doc + BM25 chunks + char TF-IDF.,"{'members': ['bm25_doc', 'bm25_chunk_line_10_5_max', 'tfidf_char_doc_3_5'], 'rrf_k': 60, 'rank_depth': 100}",train,560,ok,0.44821428571428573,0.6,0.7196428571428571,0.8446428571428571,0.201378
20260624T163054Z,2026-06-24T16:31:41.468412+00:00,fold_0,cv,rrf_sparse_doc_chunk_char,P1,Sparse fusion: BM25 full-doc + BM25 chunks + char TF-IDF.,"{'members': ['bm25_doc', 'bm25_chunk_line_10_5_max', 'tfidf_char_doc_3_5'], 'rrf_k': 60, 'rank_depth': 100}",holdout,140,ok,0.40714285714285714,0.5428571428571428,0.6928571428571428,0.8357142857142857,0.205387
20260624T163054Z,2026-06-24T16:31:41.674112+00:00,fold_0,cv,rrf_sparse_doc_chunk_char_field,P1,Sparse fusion with an additional field-aware BM25 branch.,"{'members': ['bm25_doc', 'bm25_chunk_line_10_5_max', 'tfidf_char_doc_3_5', 'bm25_field_aware_doc'], 'rrf_k': 60, 'rank_depth': 100}",train,560,ok,0.4517857142857143,0.6053571428571428,0.7160714285714286,0.8375,0.213238
20260624T163054Z,2026-06-24T16:31:41.674112+00:00,fold_0,cv,rrf_sparse_doc_chunk_char_field,P1,Sparse fusion with an additional field-aware BM25 branch.,"{'members': ['bm25_doc', 'bm25_chunk_line_10_5_max', 'tfidf_char_doc_3_5', 'bm25_field_aware_doc'], 'rrf_k': 60, 'rank_depth': 100}",holdout,140,ok,0.40714285714285714,0.55,0.6714285714285714,0.8285714285714286,0.217185
20260624T163054Z,2026-06-24T16:31:41.926133+00:00,fold_1,cv,tfidf_word_doc,P0,Baseline-style word TF-IDF over full documents.,"{'config': {'analyzer': 'word', 'ngram_range': [1, 1]}}",train,560,ok,0.3607142857142857,0.49464285714285716,0.6357142857142857,0.7839285714285714,4.501937
20260624T163054Z,2026-06-24T16:31:41.926133+00:00,fold_1,cv,tfidf_word_doc,P0,Baseline-style word TF-IDF over full documents.,"{'config': {'analyzer': 'word', 'ngram_range': [1, 1]}}",holdout,140,ok,0.2857142857142857,0.4,0.5571428571428572,0.7714285714285715,4.505782
20260624T163054Z,2026-06-24T16:31:46.432164+00:00,fold_1,cv,tfidf_char_doc_3_5,P1,Character n-gram TF-IDF control for Russian morphology and typos.,"{'config': {'analyzer': 'char_wb', 'ngram_range': [3, 5], 'min_df': 1}}",train,560,ok,0.41964285714285715,0.5446428571428571,0.6642857142857143,0.8232142857142857,7.987767
20260624T163054Z,2026-06-24T16:31:46.432164+00:00,fold_1,cv,tfidf_char_doc_3_5,P1,Character n-gram TF-IDF control for Russian morphology and typos.,"{'config': {'analyzer': 'char_wb', 'ngram_range': [3, 5], 'min_df': 1}}",holdout,140,ok,0.21428571428571427,0.45,0.6071428571428571,0.7857142857142857,7.991378
20260624T163054Z,2026-06-24T16:31:54.423763+00:00,fold_1,cv,bm25_doc,P0,BM25 over full documents.,"{'config': {'k1': 1.5, 'b': 0.75}}",train,560,ok,0.42857142857142855,0.5589285714285714,0.6875,0.8357142857142857,4.806426
20260624T163054Z,2026-06-24T16:31:54.423763+00:00,fold_1,cv,bm25_doc,P0,BM25 over full documents.,"{'config': {'k1': 1.5, 'b': 0.75}}",holdout,140,ok,0.37857142857142856,0.4928571428571429,0.6714285714285714,0.8,4.810474
20260624T163054Z,2026-06-24T16:31:59.234496+00:00,fold_1,cv,bm25_field_aware_doc,P1,BM25 over full documents enriched with extracted structural legal fields.,"{'config': {'k1': 1.5, 'b': 0.75}}",train,560,ok,0.4303571428571429,0.5607142857142857,0.6875,0.8357142857142857,5.733373
20260624T163054Z,2026-06-24T16:31:59.234496+00:00,fold_1,cv,bm25_field_aware_doc,P1,BM25 over full documents enriched with extracted structural legal fields.,"{'config': {'k1': 1.5, 'b': 0.75}}",holdout,140,ok,0.37857142857142856,0.5,0.6714285714285714,0.8,5.737301
20260624T163054Z,2026-06-24T16:32:04.972021+00:00,fold_1,cv,bm25_chunk_line_10_5_max,P0,BM25 over line-window chunks with max chunk-to-doc aggregation.,"{'config': {'k1': 1.5, 'b': 0.75}, 'chunk': {'unit': 'line', 'size': 10, 'overlap': 5}, 'aggregation': 'max', 'rank_depth': 120}",train,560,ok,0.42142857142857143,0.5410714285714285,0.6625,0.8142857142857143,12.056381
20260624T163054Z,2026-06-24T16:32:04.972021+00:00,fold_1,cv,bm25_chunk_line_10_5_max,P0,BM25 over line-window chunks with max chunk-to-doc aggregation.,"{'config': {'k1': 1.5, 'b': 0.75}, 'chunk': {'unit': 'line', 'size': 10, 'overlap': 5}, 'aggregation': 'max', 'rank_depth': 120}",holdout,140,ok,0.37142857142857144,0.5071428571428571,0.6571428571428571,0.8071428571428572,12.06016
20260624T163054Z,2026-06-24T16:32:17.032406+00:00,fold_1,cv,bm25_chunk_line_8_4_top2,P0,Alternative line-window chunks with top-2 mean aggregation.,"{'config': {'k1': 1.5, 'b': 0.75}, 'chunk': {'unit': 'line', 'size': 8, 'overlap': 4}, 'aggregation': 'top2_mean', 'rank_depth': 120}",train,560,ok,0.4232142857142857,0.5357142857142857,0.6607142857142857,0.7964285714285714,11.827181
20260624T163054Z,2026-06-24T16:32:17.032406+00:00,fold_1,cv,bm25_chunk_line_8_4_top2,P0,Alternative line-window chunks with top-2 mean aggregation.,"{'config': {'k1': 1.5, 'b': 0.75}, 'chunk': {'unit': 'line', 'size': 8, 'overlap': 4}, 'aggregation': 'top2_mean', 'rank_depth': 120}",holdout,140,ok,0.38571428571428573,0.4928571428571429,0.6428571428571429,0.7928571428571428,11.830966
20260624T163054Z,2026-06-24T16:32:28.863603+00:00,fold_1,cv,rrf_bm25_doc_chunk,P0,RRF fusion of document BM25 and chunk BM25.,"{'members': ['bm25_doc', 'bm25_chunk_line_10_5_max'], 'rrf_k': 60, 'rank_depth': 100}",train,560,ok,0.43392857142857144,0.5589285714285714,0.6928571428571428,0.8321428571428572,0.155012
20260624T163054Z,2026-06-24T16:32:28.863603+00:00,fold_1,cv,rrf_bm25_doc_chunk,P0,RRF fusion of document BM25 and chunk BM25.,"{'members': ['bm25_doc', 'bm25_chunk_line_10_5_max'], 'rrf_k': 60, 'rank_depth': 100}",holdout,140,ok,0.39285714285714285,0.5214285714285715,0.6714285714285714,0.8142857142857143,0.158963
20260624T163054Z,2026-06-24T16:32:29.022796+00:00,fold_1,cv,rrf_sparse_doc_chunk_char,P1,Sparse fusion: BM25 full-doc + BM25 chunks + char TF-IDF.,"{'members': ['bm25_doc', 'bm25_chunk_line_10_5_max', 'tfidf_char_doc_3_5'], 'rrf_k': 60, 'rank_depth': 100}",train,560,ok,0.4517857142857143,0.6053571428571428,0.7357142857142858,0.8482142857142857,0.201694
20260624T163054Z,2026-06-24T16:32:29.022796+00:00,fold_1,cv,rrf_sparse_doc_chunk_char,P1,Sparse fusion: BM25 full-doc + BM25 chunks + char TF-IDF.,"{'members': ['bm25_doc', 'bm25_chunk_line_10_5_max', 'tfidf_char_doc_3_5'], 'rrf_k': 60, 'rank_depth': 100}",holdout,140,ok,0.39285714285714285,0.5214285714285715,0.6285714285714286,0.8214285714285714,0.205903
20260624T163054Z,2026-06-24T16:32:29.228944+00:00,fold_1,cv,rrf_sparse_doc_chunk_char_field,P1,Sparse fusion with an additional field-aware BM25 branch.,"{'members': ['bm25_doc', 'bm25_chunk_line_10_5_max', 'tfidf_char_doc_3_5', 'bm25_field_aware_doc'], 'rrf_k': 60, 'rank_depth': 100}",train,560,ok,0.45714285714285713,0.6107142857142858,0.7214285714285714,0.8428571428571429,0.216076
20260624T163054Z,2026-06-24T16:32:29.228944+00:00,fold_1,cv,rrf_sparse_doc_chunk_char_field,P1,Sparse fusion with an additional field-aware BM25 branch.,"{'members': ['bm25_doc', 'bm25_chunk_line_10_5_max', 'tfidf_char_doc_3_5', 'bm25_field_aware_doc'], 'rrf_k': 60, 'rank_depth': 100}",holdout,140,ok,0.38571428571428573,0.5285714285714286,0.65,0.8071428571428572,0.219971
20260624T163054Z,2026-06-24T16:32:29.483215+00:00,fold_2,cv,tfidf_word_doc,P0,Baseline-style word TF-IDF over full documents.,"{'config': {'analyzer': 'word', 'ngram_range': [1, 1]}}",train,560,ok,0.3357142857142857,0.4660714285714286,0.6214285714285714,0.7857142857142857,4.381641
20260624T163054Z,2026-06-24T16:32:29.483215+00:00,fold_2,cv,tfidf_word_doc,P0,Baseline-style word TF-IDF over full documents.,"{'config': {'analyzer': 'word', 'ngram_range': [1, 1]}}",holdout,140,ok,0.38571428571428573,0.5142857142857142,0.6142857142857143,0.7642857142857142,4.385325
20260624T163054Z,2026-06-24T16:32:33.868885+00:00,fold_2,cv,tfidf_char_doc_3_5,P1,Character n-gram TF-IDF control for Russian morphology and typos.,"{'config': {'analyzer': 'char_wb', 'ngram_range': [3, 5], 'min_df': 1}}",train,560,ok,0.35892857142857143,0.5142857142857142,0.6446428571428572,0.8125,8.884533
20260624T163054Z,2026-06-24T16:32:33.868885+00:00,fold_2,cv,tfidf_char_doc_3_5,P1,Character n-gram TF-IDF control for Russian morphology and typos.,"{'config': {'analyzer': 'char_wb', 'ngram_range': [3, 5], 'min_df': 1}}",holdout,140,ok,0.45714285714285713,0.5714285714285714,0.6857142857142857,0.8285714285714286,8.888369
20260624T163054Z,2026-06-24T16:32:42.757486+00:00,fold_2,cv,bm25_doc,P0,BM25 over full documents.,"{'config': {'k1': 1.5, 'b': 0.75}}",train,560,ok,0.39107142857142857,0.5267857142857143,0.6785714285714286,0.8339285714285715,4.945594
20260624T163054Z,2026-06-24T16:32:42.757486+00:00,fold_2,cv,bm25_doc,P0,BM25 over full documents.,"{'config': {'k1': 1.5, 'b': 0.75}}",holdout,140,ok,0.5285714285714286,0.6214285714285714,0.7071428571428572,0.8071428571428572,4.949533
20260624T163054Z,2026-06-24T16:32:47.707307+00:00,fold_2,cv,bm25_field_aware_doc,P1,BM25 over full documents enriched with extracted structural legal fields.,"{'config': {'k1': 1.5, 'b': 0.75}}",train,560,ok,0.39285714285714285,0.5303571428571429,0.6785714285714286,0.8339285714285715,5.431284
20260624T163054Z,2026-06-24T16:32:47.707307+00:00,fold_2,cv,bm25_field_aware_doc,P1,BM25 over full documents enriched with extracted structural legal fields.,"{'config': {'k1': 1.5, 'b': 0.75}}",holdout,140,ok,0.5285714285714286,0.6214285714285714,0.7071428571428572,0.8071428571428572,5.435006
20260624T163054Z,2026-06-24T16:32:53.142551+00:00,fold_2,cv,bm25_chunk_line_10_5_max,P0,BM25 over line-window chunks with max chunk-to-doc aggregation.,"{'config': {'k1': 1.5, 'b': 0.75}, 'chunk': {'unit': 'line', 'size': 10, 'overlap': 5}, 'aggregation': 'max', 'rank_depth': 120}",train,560,ok,0.39285714285714285,0.525,0.6660714285714285,0.8160714285714286,11.585432
20260624T163054Z,2026-06-24T16:32:53.142551+00:00,fold_2,cv,bm25_chunk_line_10_5_max,P0,BM25 over line-window chunks with max chunk-to-doc aggregation.,"{'config': {'k1': 1.5, 'b': 0.75}, 'chunk': {'unit': 'line', 'size': 10, 'overlap': 5}, 'aggregation': 'max', 'rank_depth': 120}",holdout,140,ok,0.4857142857142857,0.5714285714285714,0.6428571428571429,0.8,11.58923
20260624T163054Z,2026-06-24T16:33:04.732092+00:00,fold_2,cv,bm25_chunk_line_8_4_top2,P0,Alternative line-window chunks with top-2 mean aggregation.,"{'config': {'k1': 1.5, 'b': 0.75}, 'chunk': {'unit': 'line', 'size': 8, 'overlap': 4}, 'aggregation': 'top2_mean', 'rank_depth': 120}",train,560,ok,0.4,0.5125,0.6589285714285714,0.8017857142857143,11.698748
20260624T163054Z,2026-06-24T16:33:04.732092+00:00,fold_2,cv,bm25_chunk_line_8_4_top2,P0,Alternative line-window chunks with top-2 mean aggregation.,"{'config': {'k1': 1.5, 'b': 0.75}, 'chunk': {'unit': 'line', 'size': 8, 'overlap': 4}, 'aggregation': 'top2_mean', 'rank_depth': 120}",holdout,140,ok,0.4785714285714286,0.5857142857142857,0.65,0.7714285714285715,11.702723
20260624T163054Z,2026-06-24T16:33:16.435065+00:00,fold_2,cv,rrf_bm25_doc_chunk,P0,RRF fusion of document BM25 and chunk BM25.,"{'members': ['bm25_doc', 'bm25_chunk_line_10_5_max'], 'rrf_k': 60, 'rank_depth': 100}",train,560,ok,0.4107142857142857,0.5392857142857143,0.6821428571428572,0.8321428571428572,0.15919
20260624T163054Z,2026-06-24T16:33:16.435065+00:00,fold_2,cv,rrf_bm25_doc_chunk,P0,RRF fusion of document BM25 and chunk BM25.,"{'members': ['bm25_doc', 'bm25_chunk_line_10_5_max'], 'rrf_k': 60, 'rank_depth': 100}",holdout,140,ok,0.4857142857142857,0.6,0.7142857142857143,0.8142857142857143,0.163008
20260624T163054Z,2026-06-24T16:33:16.598297+00:00,fold_2,cv,rrf_sparse_doc_chunk_char,P1,Sparse fusion: BM25 full-doc + BM25 chunks + char TF-IDF.,"{'members': ['bm25_doc', 'bm25_chunk_line_10_5_max', 'tfidf_char_doc_3_5'], 'rrf_k': 60, 'rank_depth': 100}",train,560,ok,0.4232142857142857,0.5732142857142857,0.7053571428571429,0.8446428571428571,0.32719
20260624T163054Z,2026-06-24T16:33:16.598297+00:00,fold_2,cv,rrf_sparse_doc_chunk_char,P1,Sparse fusion: BM25 full-doc + BM25 chunks + char TF-IDF.,"{'members': ['bm25_doc', 'bm25_chunk_line_10_5_max', 'tfidf_char_doc_3_5'], 'rrf_k': 60, 'rank_depth': 100}",holdout,140,ok,0.5071428571428571,0.65,0.75,0.8357142857142857,0.331501
20260624T163054Z,2026-06-24T16:33:16.930077+00:00,fold_2,cv,rrf_sparse_doc_chunk_char_field,P1,Sparse fusion with an additional field-aware BM25 branch.,"{'members': ['bm25_doc', 'bm25_chunk_line_10_5_max', 'tfidf_char_doc_3_5', 'bm25_field_aware_doc'], 'rrf_k': 60, 'rank_depth': 100}",train,560,ok,0.41964285714285715,0.5785714285714286,0.7,0.8392857142857143,0.309858
20260624T163054Z,2026-06-24T16:33:16.930077+00:00,fold_2,cv,rrf_sparse_doc_chunk_char_field,P1,Sparse fusion with an additional field-aware BM25 branch.,"{'members': ['bm25_doc', 'bm25_chunk_line_10_5_max', 'tfidf_char_doc_3_5', 'bm25_field_aware_doc'], 'rrf_k': 60, 'rank_depth': 100}",holdout,140,ok,0.5357142857142857,0.6571428571428571,0.7357142857142858,0.8214285714285714,0.317361
20260624T163054Z,2026-06-24T16:33:17.298115+00:00,fold_3,cv,tfidf_word_doc,P0,Baseline-style word TF-IDF over full documents.,"{'config': {'analyzer': 'word', 'ngram_range': [1, 1]}}",train,560,ok,0.3357142857142857,0.46785714285714286,0.6107142857142858,0.775,4.682536
20260624T163054Z,2026-06-24T16:33:17.298115+00:00,fold_3,cv,tfidf_word_doc,P0,Baseline-style word TF-IDF over full documents.,"{'config': {'analyzer': 'word', 'ngram_range': [1, 1]}}",holdout,140,ok,0.38571428571428573,0.5071428571428571,0.6571428571428571,0.8071428571428572,4.686273
20260624T163054Z,2026-06-24T16:33:21.984618+00:00,fold_3,cv,tfidf_char_doc_3_5,P1,Character n-gram TF-IDF control for Russian morphology and typos.,"{'config': {'analyzer': 'char_wb', 'ngram_range': [3, 5], 'min_df': 1}}",train,560,ok,0.36428571428571427,0.5089285714285714,0.6375,0.8125,8.195335
20260624T163054Z,2026-06-24T16:33:21.984618+00:00,fold_3,cv,tfidf_char_doc_3_5,P1,Character n-gram TF-IDF control for Russian morphology and typos.,"{'config': {'analyzer': 'char_wb', 'ngram_range': [3, 5], 'min_df': 1}}",holdout,140,ok,0.4357142857142857,0.5928571428571429,0.7142857142857143,0.8285714285714286,8.198913
20260624T163054Z,2026-06-24T16:33:30.183749+00:00,fold_3,cv,bm25_doc,P0,BM25 over full documents.,"{'config': {'k1': 1.5, 'b': 0.75}}",train,560,ok,0.42142857142857143,0.5321428571428571,0.6803571428571429,0.8196428571428571,4.820432
20260624T163054Z,2026-06-24T16:33:30.183749+00:00,fold_3,cv,bm25_doc,P0,BM25 over full documents.,"{'config': {'k1': 1.5, 'b': 0.75}}",holdout,140,ok,0.40714285714285714,0.6,0.7,0.8642857142857143,4.824143
20260624T163054Z,2026-06-24T16:33:35.008102+00:00,fold_3,cv,bm25_field_aware_doc,P1,BM25 over full documents enriched with extracted structural legal fields.,"{'config': {'k1': 1.5, 'b': 0.75}}",train,560,ok,0.4232142857142857,0.5357142857142857,0.6803571428571429,0.8196428571428571,5.580295
20260624T163054Z,2026-06-24T16:33:35.008102+00:00,fold_3,cv,bm25_field_aware_doc,P1,BM25 over full documents enriched with extracted structural legal fields.,"{'config': {'k1': 1.5, 'b': 0.75}}",holdout,140,ok,0.40714285714285714,0.6,0.7,0.8642857142857143,5.584293
20260624T163054Z,2026-06-24T16:33:40.592618+00:00,fold_3,cv,bm25_chunk_line_10_5_max,P0,BM25 over line-window chunks with max chunk-to-doc aggregation.,"{'config': {'k1': 1.5, 'b': 0.75}, 'chunk': {'unit': 'line', 'size': 10, 'overlap': 5}, 'aggregation': 'max', 'rank_depth': 120}",train,560,ok,0.4035714285714286,0.5178571428571429,0.6428571428571429,0.8035714285714286,11.621437
20260624T163054Z,2026-06-24T16:33:40.592618+00:00,fold_3,cv,bm25_chunk_line_10_5_max,P0,BM25 over line-window chunks with max chunk-to-doc aggregation.,"{'config': {'k1': 1.5, 'b': 0.75}, 'chunk': {'unit': 'line', 'size': 10, 'overlap': 5}, 'aggregation': 'max', 'rank_depth': 120}",holdout,140,ok,0.44285714285714284,0.6,0.7357142857142858,0.85,11.625465
20260624T163054Z,2026-06-24T16:33:52.218345+00:00,fold_3,cv,bm25_chunk_line_8_4_top2,P0,Alternative line-window chunks with top-2 mean aggregation.,"{'config': {'k1': 1.5, 'b': 0.75}, 'chunk': {'unit': 'line', 'size': 8, 'overlap': 4}, 'aggregation': 'top2_mean', 'rank_depth': 120}",train,560,ok,0.40714285714285714,0.5125,0.6357142857142857,0.7821428571428571,12.179264
20260624T163054Z,2026-06-24T16:33:52.218345+00:00,fold_3,cv,bm25_chunk_line_8_4_top2,P0,Alternative line-window chunks with top-2 mean aggregation.,"{'config': {'k1': 1.5, 'b': 0.75}, 'chunk': {'unit': 'line', 'size': 8, 'overlap': 4}, 'aggregation': 'top2_mean', 'rank_depth': 120}",holdout,140,ok,0.45,0.5857142857142857,0.7428571428571429,0.85,12.183048
20260624T163054Z,2026-06-24T16:34:04.401619+00:00,fold_3,cv,rrf_bm25_doc_chunk,P0,RRF fusion of document BM25 and chunk BM25.,"{'members': ['bm25_doc', 'bm25_chunk_line_10_5_max'], 'rrf_k': 60, 'rank_depth': 100}",train,560,ok,0.41964285714285715,0.5410714285714285,0.6785714285714286,0.8178571428571428,0.157316
20260624T163054Z,2026-06-24T16:34:04.401619+00:00,fold_3,cv,rrf_bm25_doc_chunk,P0,RRF fusion of document BM25 and chunk BM25.,"{'members': ['bm25_doc', 'bm25_chunk_line_10_5_max'], 'rrf_k': 60, 'rank_depth': 100}",holdout,140,ok,0.45,0.5928571428571429,0.7285714285714285,0.8714285714285714,0.161233
20260624T163054Z,2026-06-24T16:34:04.563166+00:00,fold_3,cv,rrf_sparse_doc_chunk_char,P1,Sparse fusion: BM25 full-doc + BM25 chunks + char TF-IDF.,"{'members': ['bm25_doc', 'bm25_chunk_line_10_5_max', 'tfidf_char_doc_3_5'], 'rrf_k': 60, 'rank_depth': 100}",train,560,ok,0.4303571428571429,0.5732142857142857,0.7017857142857142,0.8321428571428572,0.205843
20260624T163054Z,2026-06-24T16:34:04.563166+00:00,fold_3,cv,rrf_sparse_doc_chunk_char,P1,Sparse fusion: BM25 full-doc + BM25 chunks + char TF-IDF.,"{'members': ['bm25_doc', 'bm25_chunk_line_10_5_max', 'tfidf_char_doc_3_5'], 'rrf_k': 60, 'rank_depth': 100}",holdout,140,ok,0.4785714285714286,0.65,0.7642857142857142,0.8857142857142857,0.210061
20260624T163054Z,2026-06-24T16:34:04.773476+00:00,fold_3,cv,rrf_sparse_doc_chunk_char_field,P1,Sparse fusion with an additional field-aware BM25 branch.,"{'members': ['bm25_doc', 'bm25_chunk_line_10_5_max', 'tfidf_char_doc_3_5', 'bm25_field_aware_doc'], 'rrf_k': 60, 'rank_depth': 100}",train,560,ok,0.4392857142857143,0.5803571428571429,0.6964285714285714,0.825,0.21653
20260624T163054Z,2026-06-24T16:34:04.773476+00:00,fold_3,cv,rrf_sparse_doc_chunk_char_field,P1,Sparse fusion with an additional field-aware BM25 branch.,"{'members': ['bm25_doc', 'bm25_chunk_line_10_5_max', 'tfidf_char_doc_3_5', 'bm25_field_aware_doc'], 'rrf_k': 60, 'rank_depth': 100}",holdout,140,ok,0.45714285714285713,0.65,0.75,0.8785714285714286,0.220501
20260624T163054Z,2026-06-24T16:34:05.025202+00:00,fold_4,cv,tfidf_word_doc,P0,Baseline-style word TF-IDF over full documents.,"{'config': {'analyzer': 'word', 'ngram_range': [1, 1]}}",train,560,ok,0.3535714285714286,0.475,0.6178571428571429,0.7857142857142857,4.356137
20260624T163054Z,2026-06-24T16:34:05.025202+00:00,fold_4,cv,tfidf_word_doc,P0,Baseline-style word TF-IDF over full documents.,"{'config': {'analyzer': 'word', 'ngram_range': [1, 1]}}",holdout,140,ok,0.3142857142857143,0.4785714285714286,0.6285714285714286,0.7642857142857142,4.360103
20260624T163054Z,2026-06-24T16:34:09.385707+00:00,fold_4,cv,tfidf_char_doc_3_5,P1,Character n-gram TF-IDF control for Russian morphology and typos.,"{'config': {'analyzer': 'char_wb', 'ngram_range': [3, 5], 'min_df': 1}}",train,560,ok,0.375,0.5339285714285714,0.6517857142857143,0.8178571428571428,8.282521
20260624T163054Z,2026-06-24T16:34:09.385707+00:00,fold_4,cv,tfidf_char_doc_3_5,P1,Character n-gram TF-IDF control for Russian morphology and typos.,"{'config': {'analyzer': 'char_wb', 'ngram_range': [3, 5], 'min_df': 1}}",holdout,140,ok,0.39285714285714285,0.4928571428571429,0.6571428571428571,0.8071428571428572,8.286323
20260624T163054Z,2026-06-24T16:34:17.672443+00:00,fold_4,cv,bm25_doc,P0,BM25 over full documents.,"{'config': {'k1': 1.5, 'b': 0.75}}",train,560,ok,0.425,0.5535714285714286,0.6803571428571429,0.825,4.925159
20260624T163054Z,2026-06-24T16:34:17.672443+00:00,fold_4,cv,bm25_doc,P0,BM25 over full documents.,"{'config': {'k1': 1.5, 'b': 0.75}}",holdout,140,ok,0.39285714285714285,0.5142857142857142,0.7,0.8428571428571429,4.928775
20260624T163054Z,2026-06-24T16:34:22.601431+00:00,fold_4,cv,bm25_field_aware_doc,P1,BM25 over full documents enriched with extracted structural legal fields.,"{'config': {'k1': 1.5, 'b': 0.75}}",train,560,ok,0.425,0.5553571428571429,0.6803571428571429,0.825,5.544298
20260624T163054Z,2026-06-24T16:34:22.601431+00:00,fold_4,cv,bm25_field_aware_doc,P1,BM25 over full documents enriched with extracted structural legal fields.,"{'config': {'k1': 1.5, 'b': 0.75}}",holdout,140,ok,0.4,0.5214285714285715,0.7,0.8428571428571429,5.548396
20260624T163054Z,2026-06-24T16:34:28.150158+00:00,fold_4,cv,bm25_chunk_line_10_5_max,P0,BM25 over line-window chunks with max chunk-to-doc aggregation.,"{'config': {'k1': 1.5, 'b': 0.75}, 'chunk': {'unit': 'line', 'size': 10, 'overlap': 5}, 'aggregation': 'max', 'rank_depth': 120}",train,560,ok,0.4089285714285714,0.5339285714285714,0.6642857142857143,0.8178571428571428,11.865449
20260624T163054Z,2026-06-24T16:34:28.150158+00:00,fold_4,cv,bm25_chunk_line_10_5_max,P0,BM25 over line-window chunks with max chunk-to-doc aggregation.,"{'config': {'k1': 1.5, 'b': 0.75}, 'chunk': {'unit': 'line', 'size': 10, 'overlap': 5}, 'aggregation': 'max', 'rank_depth': 120}",holdout,140,ok,0.42142857142857143,0.5357142857142857,0.65,0.7928571428571428,11.869669
20260624T163054Z,2026-06-24T16:34:40.020132+00:00,fold_4,cv,bm25_chunk_line_8_4_top2,P0,Alternative line-window chunks with top-2 mean aggregation.,"{'config': {'k1': 1.5, 'b': 0.75}, 'chunk': {'unit': 'line', 'size': 8, 'overlap': 4}, 'aggregation': 'top2_mean', 'rank_depth': 120}",train,560,ok,0.4160714285714286,0.5285714285714286,0.6607142857142857,0.8017857142857143,12.122769
20260624T163054Z,2026-06-24T16:34:40.020132+00:00,fold_4,cv,bm25_chunk_line_8_4_top2,P0,Alternative line-window chunks with top-2 mean aggregation.,"{'config': {'k1': 1.5, 'b': 0.75}, 'chunk': {'unit': 'line', 'size': 8, 'overlap': 4}, 'aggregation': 'top2_mean', 'rank_depth': 120}",holdout,140,ok,0.4142857142857143,0.5214285714285715,0.6428571428571429,0.7714285714285715,12.126672
20260624T163054Z,2026-06-24T16:34:52.147036+00:00,fold_4,cv,rrf_bm25_doc_chunk,P0,RRF fusion of document BM25 and chunk BM25.,"{'members': ['bm25_doc', 'bm25_chunk_line_10_5_max'], 'rrf_k': 60, 'rank_depth': 100}",train,560,ok,0.42857142857142855,0.5517857142857143,0.6892857142857143,0.8285714285714286,0.156346
20260624T163054Z,2026-06-24T16:34:52.147036+00:00,fold_4,cv,rrf_bm25_doc_chunk,P0,RRF fusion of document BM25 and chunk BM25.,"{'members': ['bm25_doc', 'bm25_chunk_line_10_5_max'], 'rrf_k': 60, 'rank_depth': 100}",holdout,140,ok,0.4142857142857143,0.55,0.6857142857142857,0.8285714285714286,0.160194
20260624T163054Z,2026-06-24T16:34:52.307464+00:00,fold_4,cv,rrf_sparse_doc_chunk_char,P1,Sparse fusion: BM25 full-doc + BM25 chunks + char TF-IDF.,"{'members': ['bm25_doc', 'bm25_chunk_line_10_5_max', 'tfidf_char_doc_3_5'], 'rrf_k': 60, 'rank_depth': 100}",train,560,ok,0.44642857142857145,0.5910714285714286,0.7089285714285715,0.8446428571428571,0.212446
20260624T163054Z,2026-06-24T16:34:52.307464+00:00,fold_4,cv,rrf_sparse_doc_chunk_char,P1,Sparse fusion: BM25 full-doc + BM25 chunks + char TF-IDF.,"{'members': ['bm25_doc', 'bm25_chunk_line_10_5_max', 'tfidf_char_doc_3_5'], 'rrf_k': 60, 'rank_depth': 100}",holdout,140,ok,0.4142857142857143,0.5785714285714286,0.7357142857142858,0.8357142857142857,0.216778
20260624T163054Z,2026-06-24T16:34:52.524508+00:00,fold_4,cv,rrf_sparse_doc_chunk_char_field,P1,Sparse fusion with an additional field-aware BM25 branch.,"{'members': ['bm25_doc', 'bm25_chunk_line_10_5_max', 'tfidf_char_doc_3_5', 'bm25_field_aware_doc'], 'rrf_k': 60, 'rank_depth': 100}",train,560,ok,0.44642857142857145,0.5964285714285714,0.7017857142857142,0.8339285714285715,0.218858
20260624T163054Z,2026-06-24T16:34:52.524508+00:00,fold_4,cv,rrf_sparse_doc_chunk_char_field,P1,Sparse fusion with an additional field-aware BM25 branch.,"{'members': ['bm25_doc', 'bm25_chunk_line_10_5_max', 'tfidf_char_doc_3_5', 'bm25_field_aware_doc'], 'rrf_k': 60, 'rank_depth': 100}",holdout,140,ok,0.42857142857142855,0.5857142857142857,0.7285714285714285,0.8428571428571429,0.223045
